时间段名称,时间段描述,市场类型,开始日期,结束日期,持续月数,权重配置,国债权重,红利权重,黄金权重,纳斯达克权重,总收益率(%),年化收益率(%),最大回撤(%),回补时间(天),夏普比率,最终价值(元),总投入(元),再平衡次数,波动率(%)
大牛市,2014-2015年大牛市,牛市,2014-01-01,2015-12-31,24,等权重配置,0.25,0.25,0.25,0.25,72.05,31.29,-25.35,,1.411,172045.59,100000,2,20.76
大牛市,2014-2015年大牛市,牛市,2014-01-01,2015-12-31,24,偏债券配置,0.4,0.3,0.15,0.15,84.31,35.9,-28.35,,1.459,184306.89,100000,2,23.24
大牛市,2014-2015年大牛市,牛市,2014-01-01,2015-12-31,24,偏红利配置,0.2,0.4,0.2,0.2,108.16,44.46,-35.3,,1.413,208156.68,100000,2,30.05
大牛市,2014-2015年大牛市,牛市,2014-01-01,2015-12-31,24,偏纳斯达克配置,0.15,0.25,0.1,0.5,83.47,35.59,-26.29,,1.514,183470.1,100000,2,22.18
大牛市,2014-2015年大牛市,牛市,2014-01-01,2015-12-31,24,偏黄金配置,0.1,0.2,0.6,0.1,46.59,21.15,-21.39,,1.036,146591.51,100000,2,18.49
大牛市,2014-2015年大牛市,牛市,2014-01-01,2015-12-31,24,高债券配置,0.5,0.2,0.2,0.1,58.01,25.8,-20.39,,1.45,158009.08,100000,2,16.42
大牛市,2014-2015年大牛市,牛市,2014-01-01,2015-12-31,24,高股票配置,0.05,0.35,0.1,0.5,108.13,44.45,-33.29,,1.492,208128.81,100000,2,28.45
大牛市,2014-2015年大牛市,牛市,2014-01-01,2015-12-31,24,低黄金配置,0.3,0.35,0.05,0.3,104.01,43.01,-32.26,,1.519,204008.17,100000,2,26.99
大牛市,2014-2015年大牛市,牛市,2014-01-01,2015-12-31,24,均衡偏商品配置,0.2,0.3,0.3,0.2,80.87,34.63,-28.93,,1.36,180871.63,100000,2,23.98
大牛市,2014-2015年大牛市,牛市,2014-01-01,2015-12-31,24,保守股票配置,0.35,0.35,0.15,0.15,96.3,40.27,-31.79,,1.444,196303.34,100000,2,26.5
大牛市,2014-2015年大牛市,牛市,2014-01-01,2015-12-31,24,激进配置,0.1,0.45,0.05,0.4,132.11,52.57,-38.74,,1.497,232109.45,100000,2,33.79
大牛市,2014-2015年大牛市,牛市,2014-01-01,2015-12-31,24,超保守配置,0.6,0.15,0.15,0.1,47.93,21.71,-15.83,,1.547,147934.16,100000,2,12.74
大牛市,2014-2015年大牛市,牛市,2014-01-01,2015-12-31,24,纯红利配置(无国债),0.0,1.0,0.0,0.0,267.01,92.0,-59.52,,1.422,367010.39,100000,2,63.27
大牛市,2014-2015年大牛市,牛市,2014-01-01,2015-12-31,24,纯黄金配置(无国债),0.0,0.0,1.0,0.0,-6.67,-3.4,-20.39,,-0.411,93334.88,100000,2,13.15
大牛市,2014-2015年大牛市,牛市,2014-01-01,2015-12-31,24,纯纳斯达克配置(无国债),0.0,0.0,0.0,1.0,38.49,17.75,-12.7,71.0,0.901,138488.12,100000,2,17.48
大牛市,2014-2015年大牛市,牛市,2014-01-01,2015-12-31,24,红利+黄金均衡(无国债),0.0,0.5,0.5,0.0,115.4,46.96,-40.85,,1.226,215399.85,100000,2,36.69
大牛市,2014-2015年大牛市,牛市,2014-01-01,2015-12-31,24,红利+纳斯达克(无国债),0.0,0.5,0.0,0.5,150.09,58.39,-41.72,,1.512,250088.47,100000,2,37.3
大牛市,2014-2015年大牛市,牛市,2014-01-01,2015-12-31,24,黄金+纳斯达克(无国债),0.0,0.0,0.5,0.5,14.81,7.17,-7.93,41.0,0.482,114806.49,100000,2,10.74
大牛市,2014-2015年大牛市,牛市,2014-01-01,2015-12-31,24,低红利均衡(无国债),0.0,0.4,0.3,0.3,107.58,44.26,-35.97,,1.367,207581.98,100000,2,30.9
大牛市,2014-2015年大牛市,牛市,2014-01-01,2015-12-31,24,低黄金均衡(无国债),0.0,0.3,0.4,0.3,80.4,34.45,-29.64,,1.301,180403.06,100000,2,24.95
大牛市,2014-2015年大牛市,牛市,2014-01-01,2015-12-31,24,低纳斯达克均衡(无国债),0.0,0.3,0.3,0.4,86.37,36.66,-29.9,,1.376,186373.6,100000,2,25.2
大牛市,2014-2015年大牛市,牛市,2014-01-01,2015-12-31,24,三资产均衡(无国债),0.0,0.33,0.33,0.34,90.87,38.31,-31.75,,1.353,190873.67,100000,2,26.83
大牛市,2014-2015年大牛市,牛市,2014-01-01,2015-12-31,24,红利主导(无国债),0.0,0.6,0.2,0.2,158.02,60.89,-45.91,,1.396,258019.16,100000,2,42.17
大牛市,2014-2015年大牛市,牛市,2014-01-01,2015-12-31,24,高红利配置(无国债),0.0,0.7,0.15,0.15,184.25,68.9,-49.95,,1.406,284251.63,100000,2,47.59
大牛市,2014-2015年大牛市,牛市,2014-01-01,2015-12-31,24,超高红利(无国债),0.0,0.8,0.1,0.1,211.16,76.74,-53.51,,1.413,311160.19,100000,2,52.9
大牛市,2014-2015年大牛市,牛市,2014-01-01,2015-12-31,24,黄金主导(无国债),0.0,0.2,0.6,0.2,49.05,22.17,-21.91,,1.065,149053.91,100000,2,18.94
大牛市,2014-2015年大牛市,牛市,2014-01-01,2015-12-31,24,高黄金配置(无国债),0.0,0.15,0.7,0.15,34.25,15.93,-17.91,,0.857,134252.26,100000,2,16.24
大牛市,2014-2015年大牛市,牛市,2014-01-01,2015-12-31,24,超高黄金(无国债),0.0,0.1,0.8,0.1,20.03,9.59,-14.31,,0.54,120032.11,100000,2,14.06
大牛市,2014-2015年大牛市,牛市,2014-01-01,2015-12-31,24,纳斯达克主导(无国债),0.0,0.2,0.2,0.6,70.99,30.89,-23.08,,1.421,170994.69,100000,2,20.33
大牛市,2014-2015年大牛市,牛市,2014-01-01,2015-12-31,24,高纳斯达克配置(无国债),0.0,0.15,0.15,0.7,63.09,27.81,-19.24,,1.398,163086.71,100000,2,18.46
大牛市,2014-2015年大牛市,牛市,2014-01-01,2015-12-31,24,超高纳斯达克(无国债),0.0,0.1,0.1,0.8,55.03,24.61,-15.06,,1.312,155032.98,100000,2,17.22
大牛市,2014-2015年大牛市,牛市,2014-01-01,2015-12-31,24,激进成长(无国债),0.0,0.25,0.25,0.5,78.76,33.83,-26.62,,1.407,178756.97,100000,2,22.62
大牛市,2014-2015年大牛市,牛市,2014-01-01,2015-12-31,24,超级成长(无国债),0.0,0.2,0.2,0.6,70.99,30.89,-23.08,,1.421,170994.69,100000,2,20.33
大牛市,2014-2015年大牛市,牛市,2014-01-01,2015-12-31,24,极端成长(无国债),0.0,0.15,0.15,0.7,63.09,27.81,-19.24,,1.398,163086.71,100000,2,18.46
蓝筹牛市,2016-2017年蓝筹牛市,牛市,2016-01-01,2017-12-31,24,等权重配置,0.25,0.25,0.25,0.25,20.84,10.01,-8.76,96.0,1.063,120842.4,100000,2,7.53
蓝筹牛市,2016-2017年蓝筹牛市,牛市,2016-01-01,2017-12-31,24,偏债券配置,0.4,0.3,0.15,0.15,15.94,7.74,-9.7,158.0,0.76,115941.24,100000,2,7.55
蓝筹牛市,2016-2017年蓝筹牛市,牛市,2016-01-01,2017-12-31,24,偏红利配置,0.2,0.4,0.2,0.2,21.55,10.33,-13.11,161.0,0.833,121552.41,100000,2,10.01
蓝筹牛市,2016-2017年蓝筹牛市,牛市,2016-01-01,2017-12-31,24,偏纳斯达克配置,0.15,0.25,0.1,0.5,26.97,12.78,-11.82,166.0,1.064,126972.46,100000,2,10.13
蓝筹牛市,2016-2017年蓝筹牛市,牛市,2016-01-01,2017-12-31,24,偏黄金配置,0.1,0.2,0.6,0.1,21.87,10.48,-6.49,63.0,0.992,121868.92,100000,2,8.55
蓝筹牛市,2016-2017年蓝筹牛市,牛市,2016-01-01,2017-12-31,24,高债券配置,0.5,0.2,0.2,0.1,12.65,6.19,-6.02,64.0,0.761,112653.25,100000,2,5.5
蓝筹牛市,2016-2017年蓝筹牛市,牛市,2016-01-01,2017-12-31,24,高股票配置,0.05,0.35,0.1,0.5,29.53,13.92,-14.93,172.0,0.995,129533.39,100000,2,11.98
蓝筹牛市,2016-2017年蓝筹牛市,牛市,2016-01-01,2017-12-31,24,低黄金配置,0.3,0.35,0.05,0.3,20.5,9.85,-13.13,182.0,0.787,120501.88,100000,2,9.97
蓝筹牛市,2016-2017年蓝筹牛市,牛市,2016-01-01,2017-12-31,24,均衡偏商品配置,0.2,0.3,0.3,0.2,21.41,10.27,-9.67,96.0,1.006,121408.84,100000,2,8.22
蓝筹牛市,2016-2017年蓝筹牛市,牛市,2016-01-01,2017-12-31,24,保守股票配置,0.35,0.35,0.15,0.15,17.19,8.32,-11.25,165.0,0.736,117194.27,100000,2,8.59
蓝筹牛市,2016-2017年蓝筹牛市,牛市,2016-01-01,2017-12-31,24,激进配置,0.1,0.45,0.05,0.4,26.81,12.71,-17.3,193.0,0.814,126809.02,100000,2,13.16
蓝筹牛市,2016-2017年蓝筹牛市,牛市,2016-01-01,2017-12-31,24,超保守配置,0.6,0.15,0.15,0.1,10.22,5.03,-4.66,50.0,0.673,110223.38,100000,2,4.5
蓝筹牛市,2016-2017年蓝筹牛市,牛市,2016-01-01,2017-12-31,24,纯红利配置(无国债),0.0,1.0,0.0,0.0,22.3,10.67,-31.52,270.0,0.347,122299.48,100000,2,24.96
蓝筹牛市,2016-2017年蓝筹牛市,牛市,2016-01-01,2017-12-31,24,纯黄金配置(无国债),0.0,0.0,1.0,0.0,21.04,10.1,-12.56,,0.665,121042.27,100000,2,12.19
蓝筹牛市,2016-2017年蓝筹牛市,牛市,2016-01-01,2017-12-31,24,纯纳斯达克配置(无国债),0.0,0.0,0.0,1.0,37.94,17.59,-10.34,172.0,1.099,137942.55,100000,2,14.19
蓝筹牛市,2016-2017年蓝筹牛市,牛市,2016-01-01,2017-12-31,24,红利+黄金均衡(无国债),0.0,0.5,0.5,0.0,23.65,11.29,-13.32,76.0,0.774,123649.31,100000,2,11.99
蓝筹牛市,2016-2017年蓝筹牛市,牛市,2016-01-01,2017-12-31,24,红利+纳斯达克(无国债),0.0,0.5,0.0,0.5,30.65,14.42,-20.2,197.0,0.796,130648.14,100000,2,15.6
蓝筹牛市,2016-2017年蓝筹牛市,牛市,2016-01-01,2017-12-31,24,黄金+纳斯达克(无国债),0.0,0.0,0.5,0.5,29.76,14.02,-5.45,128.0,1.416,129756.6,100000,2,8.49
蓝筹牛市,2016-2017年蓝筹牛市,牛市,2016-01-01,2017-12-31,24,低红利均衡(无国债),0.0,0.4,0.3,0.3,27.92,13.21,-13.71,158.0,1.031,127917.21,100000,2,10.87
蓝筹牛市,2016-2017年蓝筹牛市,牛市,2016-01-01,2017-12-31,24,低黄金均衡(无国债),0.0,0.3,0.4,0.3,27.76,13.14,-10.27,74.0,1.194,127759.53,100000,2,9.33
蓝筹牛市,2016-2017年蓝筹牛市,牛市,2016-01-01,2017-12-31,24,低纳斯达克均衡(无国债),0.0,0.3,0.3,0.4,29.28,13.81,-11.53,151.0,1.196,129276.17,100000,2,9.88
蓝筹牛市,2016-2017年蓝筹牛市,牛市,2016-01-01,2017-12-31,24,三资产均衡(无国债),0.0,0.33,0.33,0.34,28.42,13.43,-11.8,151.0,1.151,128424.46,100000,2,9.93
蓝筹牛市,2016-2017年蓝筹牛市,牛市,2016-01-01,2017-12-31,24,红利主导(无国债),0.0,0.6,0.2,0.2,26.42,12.54,-19.46,180.0,0.724,126424.33,100000,2,14.56
蓝筹牛市,2016-2017年蓝筹牛市,牛市,2016-01-01,2017-12-31,24,高红利配置(无国债),0.0,0.7,0.15,0.15,25.54,12.14,-22.4,195.0,0.603,125535.31,100000,2,16.81
蓝筹牛市,2016-2017年蓝筹牛市,牛市,2016-01-01,2017-12-31,24,超高红利(无国债),0.0,0.8,0.1,0.1,24.55,11.7,-25.39,200.0,0.502,124551.53,100000,2,19.29
蓝筹牛市,2016-2017年蓝筹牛市,牛市,2016-01-01,2017-12-31,24,黄金主导(无国债),0.0,0.2,0.6,0.2,25.84,12.27,-5.67,18.0,1.169,125836.9,100000,2,8.79
蓝筹牛市,2016-2017年蓝筹牛市,牛市,2016-01-01,2017-12-31,24,高黄金配置(无国债),0.0,0.15,0.7,0.15,24.76,11.79,-6.99,63.0,1.063,124757.93,100000,2,9.21
蓝筹牛市,2016-2017年蓝筹牛市,牛市,2016-01-01,2017-12-31,24,超高黄金(无国债),0.0,0.1,0.8,0.1,23.6,11.26,-8.29,106.0,0.928,123598.05,100000,2,9.98
蓝筹牛市,2016-2017年蓝筹牛市,牛市,2016-01-01,2017-12-31,24,纳斯达克主导(无国债),0.0,0.2,0.2,0.6,32.13,15.07,-10.81,155.0,1.251,132134.8,100000,2,10.45
蓝筹牛市,2016-2017年蓝筹牛市,牛市,2016-01-01,2017-12-31,24,高纳斯达克配置(无国债),0.0,0.15,0.15,0.7,33.58,15.7,-10.53,158.0,1.232,133575.43,100000,2,11.12
蓝筹牛市,2016-2017年蓝筹牛市,牛市,2016-01-01,2017-12-31,24,超高纳斯达克(无国债),0.0,0.1,0.1,0.8,35.02,16.33,-10.36,163.0,1.195,135023.59,100000,2,11.99
蓝筹牛市,2016-2017年蓝筹牛市,牛市,2016-01-01,2017-12-31,24,激进成长(无国债),0.0,0.25,0.25,0.5,30.7,14.44,-11.09,155.0,1.241,130701.72,100000,2,10.02
蓝筹牛市,2016-2017年蓝筹牛市,牛市,2016-01-01,2017-12-31,24,超级成长(无国债),0.0,0.2,0.2,0.6,32.13,15.07,-10.81,155.0,1.251,132134.8,100000,2,10.45
蓝筹牛市,2016-2017年蓝筹牛市,牛市,2016-01-01,2017-12-31,24,极端成长(无国债),0.0,0.15,0.15,0.7,33.58,15.7,-10.53,158.0,1.232,133575.43,100000,2,11.12
核心资产牛市,2019-2020年核心资产牛市,牛市,2019-01-01,2020-12-31,24,等权重配置,0.25,0.25,0.25,0.25,37.32,17.22,-12.04,101.0,1.312,137318.42,100000,2,11.6
核心资产牛市,2019-2020年核心资产牛市,牛市,2019-01-01,2020-12-31,24,偏债券配置,0.4,0.3,0.15,0.15,26.54,12.52,-8.87,101.0,1.073,126536.48,100000,2,9.8
核心资产牛市,2019-2020年核心资产牛市,牛市,2019-01-01,2020-12-31,24,偏红利配置,0.2,0.4,0.2,0.2,34.49,16.0,-12.05,102.0,1.066,134487.36,100000,2,13.14
核心资产牛市,2019-2020年核心资产牛市,牛市,2019-01-01,2020-12-31,24,偏纳斯达克配置,0.15,0.25,0.1,0.5,54.16,24.22,-18.82,120.0,1.262,154159.73,100000,2,17.6
核心资产牛市,2019-2020年核心资产牛市,牛市,2019-01-01,2020-12-31,24,偏黄金配置,0.1,0.2,0.6,0.1,35.43,16.41,-11.03,52.0,1.238,135432.66,100000,2,11.64
核心资产牛市,2019-2020年核心资产牛市,牛市,2019-01-01,2020-12-31,24,高债券配置,0.5,0.2,0.2,0.1,22.04,10.5,-6.57,37.0,1.193,122042.23,100000,2,7.12
核心资产牛市,2019-2020年核心资产牛市,牛市,2019-01-01,2020-12-31,24,高股票配置,0.05,0.35,0.1,0.5,56.44,25.13,-20.03,112.0,1.204,156435.85,100000,2,19.22
核心资产牛市,2019-2020年核心资产牛市,牛市,2019-01-01,2020-12-31,24,低黄金配置,0.3,0.35,0.05,0.3,36.85,17.02,-13.89,105.0,1.059,136849.37,100000,2,14.18
核心资产牛市,2019-2020年核心资产牛市,牛市,2019-01-01,2020-12-31,24,均衡偏商品配置,0.2,0.3,0.3,0.2,35.81,16.57,-11.28,100.0,1.25,135811.48,100000,2,11.66
核心资产牛市,2019-2020年核心资产牛市,牛市,2019-01-01,2020-12-31,24,保守股票配置,0.35,0.35,0.15,0.15,27.56,12.97,-9.71,102.0,1.011,127560.17,100000,2,10.85
核心资产牛市,2019-2020年核心资产牛市,牛市,2019-01-01,2020-12-31,24,激进配置,0.1,0.45,0.05,0.4,47.78,21.61,-18.16,105.0,1.056,147775.12,100000,2,18.57
核心资产牛市,2019-2020年核心资产牛市,牛市,2019-01-01,2020-12-31,24,超保守配置,0.6,0.15,0.15,0.1,19.41,9.29,-5.39,39.0,1.239,119406.09,100000,2,5.89
核心资产牛市,2019-2020年核心资产牛市,牛市,2019-01-01,2020-12-31,24,纯红利配置(无国债),0.0,1.0,0.0,0.0,22.96,10.91,-26.16,240.0,0.371,122958.47,100000,2,24.04
核心资产牛市,2019-2020年核心资产牛市,牛市,2019-01-01,2020-12-31,24,纯黄金配置(无国债),0.0,0.0,1.0,0.0,36.34,16.8,-17.13,,0.902,136340.09,100000,2,16.41
核心资产牛市,2019-2020年核心资产牛市,牛市,2019-01-01,2020-12-31,24,纯纳斯达克配置(无国债),0.0,0.0,0.0,1.0,92.54,38.85,-28.49,156.0,1.359,192538.74,100000,2,27.12
核心资产牛市,2019-2020年核心资产牛市,牛市,2019-01-01,2020-12-31,24,红利+黄金均衡(无国债),0.0,0.5,0.5,0.0,29.78,13.95,-13.03,101.0,0.831,129780.3,100000,2,14.37
核心资产牛市,2019-2020年核心资产牛市,牛市,2019-01-01,2020-12-31,24,红利+纳斯达克(无国债),0.0,0.5,0.0,0.5,56.13,25.01,-21.44,112.0,1.046,156133.62,100000,2,21.99
核心资产牛市,2019-2020年核心资产牛市,牛市,2019-01-01,2020-12-31,24,黄金+纳斯达克(无国债),0.0,0.0,0.5,0.5,63.21,27.82,-18.02,98.0,1.624,163209.1,100000,2,15.9
核心资产牛市,2019-2020年核心资产牛市,牛市,2019-01-01,2020-12-31,24,低红利均衡(无国债),0.0,0.4,0.3,0.3,46.7,21.17,-15.69,102.0,1.22,146697.25,100000,2,15.71
核心资产牛市,2019-2020年核心资产牛市,牛市,2019-01-01,2020-12-31,24,低黄金均衡(无国债),0.0,0.3,0.4,0.3,48.08,21.74,-14.92,100.0,1.366,148081.63,100000,2,14.45
核心资产牛市,2019-2020年核心资产牛市,牛市,2019-01-01,2020-12-31,24,低纳斯达克均衡(无国债),0.0,0.3,0.3,0.4,53.49,23.95,-17.45,105.0,1.35,153490.4,100000,2,16.25
核心资产牛市,2019-2020年核心资产牛市,牛市,2019-01-01,2020-12-31,24,三资产均衡(无国债),0.0,0.33,0.33,0.34,49.82,22.45,-16.18,102.0,1.322,149816.69,100000,2,15.47
核心资产牛市,2019-2020年核心资产牛市,牛市,2019-01-01,2020-12-31,24,红利主导(无国债),0.0,0.6,0.2,0.2,38.65,17.79,-15.91,105.0,0.902,138645.19,100000,2,17.5
核心资产牛市,2019-2020年核心资产牛市,牛市,2019-01-01,2020-12-31,24,高红利配置(无国债),0.0,0.7,0.15,0.15,34.67,16.08,-17.47,105.0,0.749,134671.13,100000,2,18.8
核心资产牛市,2019-2020年核心资产牛市,牛市,2019-01-01,2020-12-31,24,超高红利(无国债),0.0,0.8,0.1,0.1,30.73,14.37,-19.15,105.0,0.608,130732.01,100000,2,20.34
核心资产牛市,2019-2020年核心资产牛市,牛市,2019-01-01,2020-12-31,24,黄金主导(无国债),0.0,0.2,0.6,0.2,44.12,20.1,-12.4,46.0,1.406,144123.08,100000,2,12.87
核心资产牛市,2019-2020年核心资产牛市,牛市,2019-01-01,2020-12-31,24,高黄金配置(无国债),0.0,0.15,0.7,0.15,42.16,19.27,-12.43,52.0,1.334,142160.5,100000,2,12.95
核心资产牛市,2019-2020年核心资产牛市,牛市,2019-01-01,2020-12-31,24,超高黄金(无国债),0.0,0.1,0.8,0.1,40.21,18.45,-12.59,,1.207,140208.93,100000,2,13.62
核心资产牛市,2019-2020年核心资产牛市,牛市,2019-01-01,2020-12-31,24,纳斯达克主导(无国债),0.0,0.2,0.2,0.6,66.04,28.92,-21.38,120.0,1.382,166039.36,100000,2,19.48
核心资产牛市,2019-2020年核心资产牛市,牛市,2019-01-01,2020-12-31,24,高纳斯达克配置(无国债),0.0,0.15,0.15,0.7,72.49,31.41,-23.18,137.0,1.38,172488.92,100000,2,21.31
核心资产牛市,2019-2020年核心资产牛市,牛市,2019-01-01,2020-12-31,24,超高纳斯达克(无国债),0.0,0.1,0.1,0.8,79.06,33.89,-24.95,153.0,1.374,179055.29,100000,2,23.22
核心资产牛市,2019-2020年核心资产牛市,牛市,2019-01-01,2020-12-31,24,激进成长(无国债),0.0,0.25,0.25,0.5,59.71,26.44,-19.48,108.0,1.375,159706.54,100000,2,17.77
核心资产牛市,2019-2020年核心资产牛市,牛市,2019-01-01,2020-12-31,24,超级成长(无国债),0.0,0.2,0.2,0.6,66.04,28.92,-21.38,120.0,1.382,166039.36,100000,2,19.48
核心资产牛市,2019-2020年核心资产牛市,牛市,2019-01-01,2020-12-31,24,极端成长(无国债),0.0,0.15,0.15,0.7,72.49,31.41,-23.18,137.0,1.38,172488.92,100000,2,21.31
AI结构性行情,2022-2023年AI结构性行情,牛市,2022-11-01,2023-12-31,14,等权重配置,0.25,0.25,0.25,0.25,20.9,17.81,-3.47,35.0,2.27,120898.35,100000,2,6.96
AI结构性行情,2022-2023年AI结构性行情,牛市,2022-11-01,2023-12-31,14,偏债券配置,0.4,0.3,0.15,0.15,15.26,13.05,-3.13,38.0,1.952,115262.84,100000,2,5.66
AI结构性行情,2022-2023年AI结构性行情,牛市,2022-11-01,2023-12-31,14,偏红利配置,0.2,0.4,0.2,0.2,19.52,16.64,-4.16,54.0,1.968,119517.04,100000,2,7.44
AI结构性行情,2022-2023年AI结构性行情,牛市,2022-11-01,2023-12-31,14,偏纳斯达克配置,0.15,0.25,0.1,0.5,28.37,24.06,-5.62,47.0,2.047,128366.83,100000,2,10.78
AI结构性行情,2022-2023年AI结构性行情,牛市,2022-11-01,2023-12-31,14,偏黄金配置,0.1,0.2,0.6,0.1,20.73,17.67,-3.82,55.0,2.249,120734.17,100000,2,6.97
AI结构性行情,2022-2023年AI结构性行情,牛市,2022-11-01,2023-12-31,14,高债券配置,0.5,0.2,0.2,0.1,12.96,11.09,-2.07,35.0,2.147,112956.6,100000,2,4.23
AI结构性行情,2022-2023年AI结构性行情,牛市,2022-11-01,2023-12-31,14,高股票配置,0.05,0.35,0.1,0.5,29.57,25.07,-6.12,41.0,2.035,129570.73,100000,2,11.34
AI结构性行情,2022-2023年AI结构性行情,牛市,2022-11-01,2023-12-31,14,低黄金配置,0.3,0.35,0.05,0.3,20.27,17.27,-4.47,49.0,1.877,120265.34,100000,2,8.14
AI结构性行情,2022-2023年AI结构性行情,牛市,2022-11-01,2023-12-31,14,均衡偏商品配置,0.2,0.3,0.3,0.2,20.32,17.32,-3.41,34.0,2.241,120321.63,100000,2,6.84
AI结构性行情,2022-2023年AI结构性行情,牛市,2022-11-01,2023-12-31,14,保守股票配置,0.35,0.35,0.15,0.15,15.83,13.53,-3.5,57.0,1.862,115827.07,100000,2,6.19
AI结构性行情,2022-2023年AI结构性行情,牛市,2022-11-01,2023-12-31,14,激进配置,0.1,0.45,0.05,0.4,25.63,21.77,-5.86,49.0,1.888,125627.27,100000,2,10.47
AI结构性行情,2022-2023年AI结构性行情,牛市,2022-11-01,2023-12-31,14,超保守配置,0.6,0.15,0.15,0.1,11.45,9.81,-1.69,35.0,2.185,111446.51,100000,2,3.57
AI结构性行情,2022-2023年AI结构性行情,牛市,2022-11-01,2023-12-31,14,纯红利配置(无国债),0.0,1.0,0.0,0.0,13.62,11.66,-13.0,,0.724,113621.94,100000,2,13.34
AI结构性行情,2022-2023年AI结构性行情,牛市,2022-11-01,2023-12-31,14,纯黄金配置(无国债),0.0,0.0,1.0,0.0,21.94,18.68,-5.35,10.0,1.696,121936.89,100000,2,9.84
AI结构性行情,2022-2023年AI结构性行情,牛市,2022-11-01,2023-12-31,14,纯纳斯达克配置(无国债),0.0,0.0,0.0,1.0,42.9,36.1,-9.8,20.0,1.855,142899.55,100000,2,18.38
AI结构性行情,2022-2023年AI结构性行情,牛市,2022-11-01,2023-12-31,14,红利+黄金均衡(无国债),0.0,0.5,0.5,0.0,17.78,15.18,-6.99,86.0,1.588,117780.02,100000,2,8.3
AI结构性行情,2022-2023年AI结构性行情,牛市,2022-11-01,2023-12-31,14,红利+纳斯达克(无国债),0.0,0.5,0.0,0.5,29.39,24.92,-6.94,49.0,1.858,129389.77,100000,2,12.34
AI结构性行情,2022-2023年AI结构性行情,牛市,2022-11-01,2023-12-31,14,黄金+纳斯达克(无国债),0.0,0.0,0.5,0.5,33.31,28.18,-4.4,20.0,2.381,133310.59,100000,2,11.0
AI结构性行情,2022-2023年AI结构性行情,牛市,2022-11-01,2023-12-31,14,低红利均衡(无国债),0.0,0.4,0.3,0.3,25.76,21.89,-4.82,35.0,2.203,125764.96,100000,2,9.03
AI结构性行情,2022-2023年AI结构性行情,牛市,2022-11-01,2023-12-31,14,低黄金均衡(无国债),0.0,0.3,0.4,0.3,26.57,22.56,-4.16,34.0,2.384,126568.07,100000,2,8.62
AI结构性行情,2022-2023年AI结构性行情,牛市,2022-11-01,2023-12-31,14,低纳斯达克均衡(无国债),0.0,0.3,0.3,0.4,28.8,24.43,-5.0,35.0,2.294,128799.36,100000,2,9.78
AI结构性行情,2022-2023年AI结构性行情,牛市,2022-11-01,2023-12-31,14,三资产均衡(无国债),0.0,0.33,0.33,0.34,27.23,23.11,-4.67,35.0,2.307,127229.37,100000,2,9.15
AI结构性行情,2022-2023年AI结构性行情,牛市,2022-11-01,2023-12-31,14,红利主导(无国债),0.0,0.6,0.2,0.2,21.83,18.59,-5.59,57.0,1.729,121827.16,100000,2,9.59
AI结构性行情,2022-2023年AI结构性行情,牛市,2022-11-01,2023-12-31,14,高红利配置(无国债),0.0,0.7,0.15,0.15,19.82,16.9,-6.8,35.0,1.452,119816.91,100000,2,10.26
AI结构性行情,2022-2023年AI结构性行情,牛市,2022-11-01,2023-12-31,14,超高红利(无国债),0.0,0.8,0.1,0.1,17.78,15.18,-8.9,,1.184,117778.84,100000,2,11.13
AI结构性行情,2022-2023年AI结构性行情,牛市,2022-11-01,2023-12-31,14,黄金主导(无国债),0.0,0.2,0.6,0.2,25.08,21.31,-3.84,55.0,2.454,125077.46,100000,2,7.87
AI结构性行情,2022-2023年AI结构性行情,牛市,2022-11-01,2023-12-31,14,高黄金配置(无国债),0.0,0.15,0.7,0.15,24.31,20.67,-4.2,55.0,2.355,124312.23,100000,2,7.93
AI结构性行情,2022-2023年AI结构性行情,牛市,2022-11-01,2023-12-31,14,超高黄金(无国债),0.0,0.1,0.8,0.1,23.53,20.02,-4.58,55.0,2.171,123533.73,100000,2,8.3
AI结构性行情,2022-2023年AI结构性行情,牛市,2022-11-01,2023-12-31,14,纳斯达克主导(无国债),0.0,0.2,0.2,0.6,33.82,28.6,-6.11,35.0,2.155,133822.77,100000,2,12.34
AI结构性行情,2022-2023年AI结构性行情,牛市,2022-11-01,2023-12-31,14,高纳斯达克配置(无国债),0.0,0.15,0.15,0.7,36.21,30.59,-6.98,20.0,2.073,136213.3,100000,2,13.79
AI结构性行情,2022-2023年AI结构性行情,牛市,2022-11-01,2023-12-31,14,超高纳斯达克(无国债),0.0,0.1,0.1,0.8,38.52,32.5,-7.97,20.0,1.994,138522.97,100000,2,15.29
AI结构性行情,2022-2023年AI结构性行情,牛市,2022-11-01,2023-12-31,14,激进成长(无国债),0.0,0.25,0.25,0.5,31.35,26.55,-5.55,35.0,2.234,131351.44,100000,2,10.99
AI结构性行情,2022-2023年AI结构性行情,牛市,2022-11-01,2023-12-31,14,超级成长(无国债),0.0,0.2,0.2,0.6,33.82,28.6,-6.11,35.0,2.155,133822.77,100000,2,12.34
AI结构性行情,2022-2023年AI结构性行情,牛市,2022-11-01,2023-12-31,14,极端成长(无国债),0.0,0.15,0.15,0.7,36.21,30.59,-6.98,20.0,2.073,136213.3,100000,2,13.79
贸易战熊市,2018-2019年贸易战熊市,熊市,2018-01-01,2019-12-31,24,等权重配置,0.25,0.25,0.25,0.25,19.67,9.43,-8.39,61.0,0.826,119672.56,100000,2,9.0
贸易战熊市,2018-2019年贸易战熊市,熊市,2018-01-01,2019-12-31,24,偏债券配置,0.4,0.3,0.15,0.15,14.61,7.08,-8.45,68.0,0.601,114608.72,100000,2,8.45
贸易战熊市,2018-2019年贸易战熊市,熊市,2018-01-01,2019-12-31,24,偏红利配置,0.2,0.4,0.2,0.2,15.78,7.63,-12.83,86.0,0.5,115775.4,100000,2,11.25
贸易战熊市,2018-2019年贸易战熊市,熊市,2018-01-01,2019-12-31,24,偏纳斯达克配置,0.15,0.25,0.1,0.5,25.64,12.13,-14.42,85.0,0.754,125637.47,100000,2,13.43
贸易战熊市,2018-2019年贸易战熊市,熊市,2018-01-01,2019-12-31,24,偏黄金配置,0.1,0.2,0.6,0.1,20.05,9.6,-8.16,192.0,0.984,120049.89,100000,2,7.73
贸易战熊市,2018-2019年贸易战熊市,熊市,2018-01-01,2019-12-31,24,高债券配置,0.5,0.2,0.2,0.1,14.55,7.05,-5.34,230.0,0.872,114547.09,100000,2,5.79
贸易战熊市,2018-2019年贸易战熊市,熊市,2018-01-01,2019-12-31,24,高股票配置,0.05,0.35,0.1,0.5,24.3,11.53,-15.74,82.0,0.63,124300.13,100000,2,15.13
贸易战熊市,2018-2019年贸易战熊市,熊市,2018-01-01,2019-12-31,24,低黄金配置,0.3,0.35,0.05,0.3,17.52,8.44,-11.91,70.0,0.545,117519.3,100000,2,11.81
贸易战熊市,2018-2019年贸易战熊市,熊市,2018-01-01,2019-12-31,24,均衡偏商品配置,0.2,0.3,0.3,0.2,18.2,8.75,-9.63,70.0,0.728,118197.16,100000,2,9.27
贸易战熊市,2018-2019年贸易战熊市,熊市,2018-01-01,2019-12-31,24,保守股票配置,0.35,0.35,0.15,0.15,14.11,6.85,-10.24,70.0,0.509,114112.25,100000,2,9.52
贸易战熊市,2018-2019年贸易战熊市,熊市,2018-01-01,2019-12-31,24,激进配置,0.1,0.45,0.05,0.4,19.31,9.26,-16.67,85.0,0.472,119308.28,100000,2,15.39
贸易战熊市,2018-2019年贸易战熊市,熊市,2018-01-01,2019-12-31,24,超保守配置,0.6,0.15,0.15,0.1,14.24,6.91,-3.49,217.0,1.036,114236.93,100000,2,4.73
贸易战熊市,2018-2019年贸易战熊市,熊市,2018-01-01,2019-12-31,24,纯红利配置(无国债),0.0,1.0,0.0,0.0,-0.05,-0.03,-31.9,,-0.087,99947.36,100000,2,23.23
贸易战熊市,2018-2019年贸易战熊市,熊市,2018-01-01,2019-12-31,24,纯黄金配置(无国债),0.0,0.0,1.0,0.0,24.2,11.48,-9.31,,0.893,124196.16,100000,2,10.62
贸易战熊市,2018-2019年贸易战熊市,熊市,2018-01-01,2019-12-31,24,纯纳斯达克配置(无国债),0.0,0.0,0.0,1.0,43.78,19.98,-23.47,121.0,0.904,143775.14,100000,2,19.9
贸易战熊市,2018-2019年贸易战熊市,熊市,2018-01-01,2019-12-31,24,红利+黄金均衡(无国债),0.0,0.5,0.5,0.0,12.31,6.0,-18.1,234.0,0.333,112312.31,100000,2,12.02
贸易战熊市,2018-2019年贸易战熊市,熊市,2018-01-01,2019-12-31,24,红利+纳斯达克(无国债),0.0,0.5,0.0,0.5,20.91,9.99,-19.5,86.0,0.443,120908.05,100000,2,18.05
贸易战熊市,2018-2019年贸易战熊市,熊市,2018-01-01,2019-12-31,24,黄金+纳斯达克(无国债),0.0,0.0,0.5,0.5,34.12,15.87,-10.58,103.0,1.315,134123.82,100000,2,10.55
贸易战熊市,2018-2019年贸易战熊市,熊市,2018-01-01,2019-12-31,24,低红利均衡(无国债),0.0,0.4,0.3,0.3,20.08,9.62,-14.46,86.0,0.599,120079.99,100000,2,12.71
贸易战熊市,2018-2019年贸易战熊市,熊市,2018-01-01,2019-12-31,24,低黄金均衡(无国债),0.0,0.3,0.4,0.3,22.64,10.78,-11.4,82.0,0.804,122636.04,100000,2,10.91
贸易战熊市,2018-2019年贸易战熊市,熊市,2018-01-01,2019-12-31,24,低纳斯达克均衡(无国债),0.0,0.3,0.3,0.4,24.45,11.6,-12.47,70.0,0.773,124450.42,100000,2,12.42
贸易战熊市,2018-2019年贸易战熊市,熊市,2018-01-01,2019-12-31,24,三资产均衡(无国债),0.0,0.33,0.33,0.34,22.59,10.76,-12.75,82.0,0.73,122591.95,100000,2,12.0
贸易战熊市,2018-2019年贸易战熊市,熊市,2018-01-01,2019-12-31,24,红利主导(无国债),0.0,0.6,0.2,0.2,13.24,6.44,-19.92,91.0,0.284,113244.33,100000,2,15.61
贸易战熊市,2018-2019年贸易战熊市,熊市,2018-01-01,2019-12-31,24,高红利配置(无国债),0.0,0.7,0.15,0.15,9.87,4.84,-22.92,,0.164,109873.31,100000,2,17.32
贸易战熊市,2018-2019年贸易战熊市,熊市,2018-01-01,2019-12-31,24,超高红利(无国债),0.0,0.8,0.1,0.1,6.53,3.23,-25.84,,0.064,106533.48,100000,2,19.18
贸易战熊市,2018-2019年贸易战熊市,熊市,2018-01-01,2019-12-31,24,黄金主导(无国债),0.0,0.2,0.6,0.2,23.29,11.08,-7.71,242.0,1.054,123293.58,100000,2,8.61
贸易战熊市,2018-2019年贸易战熊市,熊市,2018-01-01,2019-12-31,24,高黄金配置(无国债),0.0,0.15,0.7,0.15,23.57,11.2,-6.89,235.0,1.122,123570.67,100000,2,8.2
贸易战熊市,2018-2019年贸易战熊市,熊市,2018-01-01,2019-12-31,24,超高黄金(无国债),0.0,0.1,0.8,0.1,23.81,11.31,-6.9,,1.104,123813.34,100000,2,8.43
贸易战熊市,2018-2019年贸易战熊市,熊市,2018-01-01,2019-12-31,24,纳斯达克主导(无国债),0.0,0.2,0.2,0.6,30.74,14.4,-15.9,86.0,0.859,130742.41,100000,2,14.44
贸易战熊市,2018-2019年贸易战熊市,熊市,2018-01-01,2019-12-31,24,高纳斯达克配置(无国债),0.0,0.15,0.15,0.7,33.94,15.79,-17.83,99.0,0.88,133944.46,100000,2,15.68
贸易战熊市,2018-2019年贸易战熊市,熊市,2018-01-01,2019-12-31,24,超高纳斯达克(无国债),0.0,0.1,0.1,0.8,37.18,17.19,-19.66,119.0,0.892,137183.92,100000,2,17.03
贸易战熊市,2018-2019年贸易战熊市,熊市,2018-01-01,2019-12-31,24,激进成长(无国债),0.0,0.25,0.25,0.5,27.58,13.0,-13.86,82.0,0.825,127577.73,100000,2,13.33
贸易战熊市,2018-2019年贸易战熊市,熊市,2018-01-01,2019-12-31,24,超级成长(无国债),0.0,0.2,0.2,0.6,30.74,14.4,-15.9,86.0,0.859,130742.41,100000,2,14.44
贸易战熊市,2018-2019年贸易战熊市,熊市,2018-01-01,2019-12-31,24,极端成长(无国债),0.0,0.15,0.15,0.7,33.94,15.79,-17.83,99.0,0.88,133944.46,100000,2,15.68
调整期,2021-2022年调整期,熊市,2021-02-01,2022-12-31,23,等权重配置,0.25,0.25,0.25,0.25,8.2,4.21,-9.31,,0.244,108197.01,100000,2,9.08
调整期,2021-2022年调整期,熊市,2021-02-01,2022-12-31,23,偏债券配置,0.4,0.3,0.15,0.15,9.89,5.07,-9.31,,0.369,109889.49,100000,2,8.3
调整期,2021-2022年调整期,熊市,2021-02-01,2022-12-31,23,偏红利配置,0.2,0.4,0.2,0.2,11.0,5.62,-12.48,,0.329,111004.25,100000,2,11.02
调整期,2021-2022年调整期,熊市,2021-02-01,2022-12-31,23,偏纳斯达克配置,0.15,0.25,0.1,0.5,5.14,2.66,-14.46,,0.049,105136.74,100000,2,13.5
调整期,2021-2022年调整期,熊市,2021-02-01,2022-12-31,23,偏黄金配置,0.1,0.2,0.6,0.1,8.65,4.44,-7.57,,0.275,108647.68,100000,2,8.88
调整期,2021-2022年调整期,熊市,2021-02-01,2022-12-31,23,高债券配置,0.5,0.2,0.2,0.1,8.74,4.49,-5.58,,0.419,108741.48,100000,2,5.94
调整期,2021-2022年调整期,熊市,2021-02-01,2022-12-31,23,高股票配置,0.05,0.35,0.1,0.5,6.58,3.39,-16.61,,0.093,106577.07,100000,2,14.95
调整期,2021-2022年调整期,熊市,2021-02-01,2022-12-31,23,低黄金配置,0.3,0.35,0.05,0.3,9.03,4.64,-13.34,,0.234,109033.78,100000,2,11.28
调整期,2021-2022年调整期,熊市,2021-02-01,2022-12-31,23,均衡偏商品配置,0.2,0.3,0.3,0.2,9.48,4.86,-9.64,,0.303,109478.22,100000,2,9.44
调整期,2021-2022年调整期,熊市,2021-02-01,2022-12-31,23,保守股票配置,0.35,0.35,0.15,0.15,10.68,5.46,-10.6,,0.372,110679.48,100000,2,9.31
调整期,2021-2022年调整期,熊市,2021-02-01,2022-12-31,23,激进配置,0.1,0.45,0.05,0.4,9.3,4.77,-17.29,,0.188,109297.13,100000,2,14.75
调整期,2021-2022年调整期,熊市,2021-02-01,2022-12-31,23,超保守配置,0.6,0.15,0.15,0.1,7.94,4.09,-4.3,,0.434,107943.4,100000,2,4.81
调整期,2021-2022年调整期,熊市,2021-02-01,2022-12-31,23,纯红利配置(无国债),0.0,1.0,0.0,0.0,22.6,11.27,-22.84,,0.434,122600.12,100000,2,21.35
调整期,2021-2022年调整期,熊市,2021-02-01,2022-12-31,23,纯黄金配置(无国债),0.0,0.0,1.0,0.0,5.4,2.79,-11.38,,0.067,105400.16,100000,2,11.87
调整期,2021-2022年调整期,熊市,2021-02-01,2022-12-31,23,纯纳斯达克配置(无国债),0.0,0.0,0.0,1.0,-6.42,-3.42,-27.52,,-0.227,93575.83,100000,2,23.83
调整期,2021-2022年调整期,熊市,2021-02-01,2022-12-31,23,红利+黄金均衡(无国债),0.0,0.5,0.5,0.0,14.34,7.28,-13.42,,0.419,114342.77,100000,2,12.58
调整期,2021-2022年调整期,熊市,2021-02-01,2022-12-31,23,红利+纳斯达克(无国债),0.0,0.5,0.0,0.5,8.55,4.39,-20.15,,0.137,108547.24,100000,2,17.41
调整期,2021-2022年调整期,熊市,2021-02-01,2022-12-31,23,黄金+纳斯达克(无国债),0.0,0.0,0.5,0.5,2.02,1.05,-13.65,,-0.076,102015.19,100000,2,12.56
调整期,2021-2022年调整期,熊市,2021-02-01,2022-12-31,23,低红利均衡(无国债),0.0,0.4,0.3,0.3,10.03,5.14,-13.75,,0.248,110031.22,100000,2,12.65
调整期,2021-2022年调整期,熊市,2021-02-01,2022-12-31,23,低黄金均衡(无国债),0.0,0.3,0.4,0.3,8.56,4.4,-11.69,,0.212,108559.05,100000,2,11.33
调整期,2021-2022年调整期,熊市,2021-02-01,2022-12-31,23,低纳斯达克均衡(无国债),0.0,0.3,0.3,0.4,7.39,3.81,-13.4,,0.143,107390.36,100000,2,12.62
调整期,2021-2022年调整期,熊市,2021-02-01,2022-12-31,23,三资产均衡(无国债),0.0,0.33,0.33,0.34,8.55,4.39,-12.83,,0.197,108548.83,100000,2,12.16
调整期,2021-2022年调整期,熊市,2021-02-01,2022-12-31,23,红利主导(无国债),0.0,0.6,0.2,0.2,14.15,7.18,-17.1,,0.345,114148.16,100000,2,15.02
调整期,2021-2022年调整期,熊市,2021-02-01,2022-12-31,23,高红利配置(无国债),0.0,0.7,0.15,0.15,16.23,8.2,-18.66,,0.376,116233.88,100000,2,16.49
调整期,2021-2022年调整期,熊市,2021-02-01,2022-12-31,23,超高红利(无国债),0.0,0.8,0.1,0.1,18.34,9.22,-20.13,,0.4,118337.78,100000,2,18.05
调整期,2021-2022年调整期,熊市,2021-02-01,2022-12-31,23,黄金主导(无国债),0.0,0.2,0.6,0.2,7.93,4.08,-8.68,,0.212,107929.19,100000,2,9.83
调整期,2021-2022年调整期,熊市,2021-02-01,2022-12-31,23,高黄金配置(无国债),0.0,0.15,0.7,0.15,7.46,3.84,-8.47,,0.19,107455.6,100000,2,9.71
调整期,2021-2022年调整期,熊市,2021-02-01,2022-12-31,23,超高黄金(无国债),0.0,0.1,0.8,0.1,6.88,3.55,-9.15,,0.154,106875.86,100000,2,10.03
调整期,2021-2022年调整期,熊市,2021-02-01,2022-12-31,23,纳斯达克主导(无国债),0.0,0.2,0.2,0.6,3.24,1.68,-15.57,,-0.021,103235.75,100000,2,15.2
调整期,2021-2022年调整期,熊市,2021-02-01,2022-12-31,23,高纳斯达克配置(无国债),0.0,0.15,0.15,0.7,0.99,0.52,-17.62,,-0.087,100989.08,100000,2,16.98
调整期,2021-2022年调整期,熊市,2021-02-01,2022-12-31,23,超高纳斯达克(无国债),0.0,0.1,0.1,0.8,-1.37,-0.72,-20.94,,-0.143,98630.06,100000,2,19.04
调整期,2021-2022年调整期,熊市,2021-02-01,2022-12-31,23,激进成长(无国债),0.0,0.25,0.25,0.5,5.37,2.78,-14.4,,0.057,105369.39,100000,2,13.73
调整期,2021-2022年调整期,熊市,2021-02-01,2022-12-31,23,超级成长(无国债),0.0,0.2,0.2,0.6,3.24,1.68,-15.57,,-0.021,103235.75,100000,2,15.2
调整期,2021-2022年调整期,熊市,2021-02-01,2022-12-31,23,极端成长(无国债),0.0,0.15,0.15,0.7,0.99,0.52,-17.62,,-0.087,100989.08,100000,2,16.98
震荡市,2023-2024年震荡市,熊市,2023-01-01,2024-10-31,22,等权重配置,0.25,0.25,0.25,0.25,40.52,20.48,-6.26,56.0,2.321,140520.35,100000,2,7.96
震荡市,2023-2024年震荡市,熊市,2023-01-01,2024-10-31,22,偏债券配置,0.4,0.3,0.15,0.15,29.05,14.99,-4.91,19.0,1.927,129051.27,100000,2,6.74
震荡市,2023-2024年震荡市,熊市,2023-01-01,2024-10-31,22,偏红利配置,0.2,0.4,0.2,0.2,36.81,18.72,-6.83,19.0,1.895,136805.66,100000,2,8.82
震荡市,2023-2024年震荡市,熊市,2023-01-01,2024-10-31,22,偏纳斯达克配置,0.15,0.25,0.1,0.5,52.45,25.98,-10.91,,2.074,152454.37,100000,2,11.56
震荡市,2023-2024年震荡市,熊市,2023-01-01,2024-10-31,22,偏黄金配置,0.1,0.2,0.6,0.1,44.97,22.55,-4.86,49.0,2.364,144973.74,100000,2,8.69
震荡市,2023-2024年震荡市,熊市,2023-01-01,2024-10-31,22,高债券配置,0.5,0.2,0.2,0.1,26.06,13.52,-3.01,51.0,2.216,126063.29,100000,2,5.2
震荡市,2023-2024年震荡市,熊市,2023-01-01,2024-10-31,22,高股票配置,0.05,0.35,0.1,0.5,54.25,26.79,-11.45,,2.029,154248.36,100000,2,12.22
震荡市,2023-2024年震荡市,熊市,2023-01-01,2024-10-31,22,低黄金配置,0.3,0.35,0.05,0.3,36.32,18.49,-7.91,,1.837,136322.9,100000,2,8.98
震荡市,2023-2024年震荡市,熊市,2023-01-01,2024-10-31,22,均衡偏商品配置,0.2,0.3,0.3,0.2,39.94,20.2,-5.6,52.0,2.242,139940.08,100000,2,8.12
震荡市,2023-2024年震荡市,熊市,2023-01-01,2024-10-31,22,保守股票配置,0.35,0.35,0.15,0.15,29.86,15.38,-5.6,19.0,1.801,129862.43,100000,2,7.43
震荡市,2023-2024年震荡市,熊市,2023-01-01,2024-10-31,22,激进配置,0.1,0.45,0.05,0.4,45.65,22.87,-10.45,,1.816,145651.97,100000,2,11.49
震荡市,2023-2024年震荡市,熊市,2023-01-01,2024-10-31,22,超保守配置,0.6,0.15,0.15,0.1,22.99,12.0,-2.55,51.0,2.343,122992.54,100000,2,4.27
震荡市,2023-2024年震荡市,熊市,2023-01-01,2024-10-31,22,纯红利配置(无国债),0.0,1.0,0.0,0.0,22.34,11.67,-14.69,19.0,0.569,122339.95,100000,2,16.99
震荡市,2023-2024年震荡市,熊市,2023-01-01,2024-10-31,22,纯黄金配置(无国债),0.0,0.0,1.0,0.0,53.07,26.26,-5.64,36.0,2.082,153073.14,100000,2,11.65
震荡市,2023-2024年震荡市,熊市,2023-01-01,2024-10-31,22,纯纳斯达克配置(无国债),0.0,0.0,0.0,1.0,82.88,39.17,-17.92,,1.856,182878.6,100000,2,20.03
震荡市,2023-2024年震荡市,熊市,2023-01-01,2024-10-31,22,红利+黄金均衡(无国债),0.0,0.5,0.5,0.0,37.31,18.96,-6.98,86.0,1.556,137310.46,100000,2,10.9
震荡市,2023-2024年震荡市,熊市,2023-01-01,2024-10-31,22,红利+纳斯达克(无国债),0.0,0.5,0.0,0.5,51.78,25.67,-12.39,,1.773,151783.18,100000,2,13.35
震荡市,2023-2024年震荡市,熊市,2023-01-01,2024-10-31,22,黄金+纳斯达克(无国债),0.0,0.0,0.5,0.5,68.92,33.25,-9.73,71.0,2.54,168919.85,100000,2,12.31
震荡市,2023-2024年震荡市,熊市,2023-01-01,2024-10-31,22,低红利均衡(无国债),0.0,0.4,0.3,0.3,49.48,24.62,-8.11,56.0,2.172,149479.28,100000,2,10.42
震荡市,2023-2024年震荡市,熊市,2023-01-01,2024-10-31,22,低黄金均衡(无国债),0.0,0.3,0.4,0.3,52.76,26.12,-7.52,56.0,2.418,152764.51,100000,2,9.97
震荡市,2023-2024年震荡市,熊市,2023-01-01,2024-10-31,22,低纳斯达克均衡(无国债),0.0,0.3,0.3,0.4,55.69,27.43,-9.36,72.0,2.339,155693.17,100000,2,10.88
震荡市,2023-2024年震荡市,熊市,2023-01-01,2024-10-31,22,三资产均衡(无国债),0.0,0.33,0.33,0.34,52.95,26.2,-8.44,56.0,2.329,152949.58,100000,2,10.39
震荡市,2023-2024年震荡市,熊市,2023-01-01,2024-10-31,22,红利主导(无国债),0.0,0.6,0.2,0.2,40.16,20.31,-9.42,19.0,1.579,140162.44,100000,2,11.59
震荡市,2023-2024年震荡市,熊市,2023-01-01,2024-10-31,22,高红利配置(无国债),0.0,0.7,0.15,0.15,35.61,18.15,-10.2,19.0,1.277,135605.46,100000,2,12.64
震荡市,2023-2024年震荡市,熊市,2023-01-01,2024-10-31,22,超高红利(无国债),0.0,0.8,0.1,0.1,31.12,15.99,-11.19,19.0,1.005,131115.3,100000,2,13.92
震荡市,2023-2024年震荡市,熊市,2023-01-01,2024-10-31,22,黄金主导(无国债),0.0,0.2,0.6,0.2,53.02,26.23,-6.26,52.0,2.552,153021.85,100000,2,9.5
震荡市,2023-2024年震荡市,熊市,2023-01-01,2024-10-31,22,高黄金配置(无国债),0.0,0.15,0.7,0.15,53.09,26.26,-5.71,49.0,2.51,153092.64,100000,2,9.67
震荡市,2023-2024年震荡市,熊市,2023-01-01,2024-10-31,22,超高黄金(无国债),0.0,0.1,0.8,0.1,53.12,26.28,-5.3,48.0,2.404,153124.79,100000,2,10.1
震荡市,2023-2024年震荡市,熊市,2023-01-01,2024-10-31,22,纳斯达克主导(无国债),0.0,0.2,0.2,0.6,64.81,31.47,-12.34,,2.214,164805.57,100000,2,13.31
震荡市,2023-2024年震荡市,熊市,2023-01-01,2024-10-31,22,高纳斯达克配置(无国债),0.0,0.15,0.15,0.7,69.34,33.44,-13.78,,2.119,169342.79,100000,2,14.84
震荡市,2023-2024年震荡市,熊市,2023-01-01,2024-10-31,22,超高纳斯达克(无国债),0.0,0.1,0.1,0.8,73.87,35.38,-15.19,,2.024,173867.37,100000,2,16.49
震荡市,2023-2024年震荡市,熊市,2023-01-01,2024-10-31,22,激进成长(无国债),0.0,0.25,0.25,0.5,60.26,29.47,-10.86,86.0,2.296,160255.7,100000,2,11.96
震荡市,2023-2024年震荡市,熊市,2023-01-01,2024-10-31,22,超级成长(无国债),0.0,0.2,0.2,0.6,64.81,31.47,-12.34,,2.214,164805.57,100000,2,13.31
震荡市,2023-2024年震荡市,熊市,2023-01-01,2024-10-31,22,极端成长(无国债),0.0,0.15,0.15,0.7,69.34,33.44,-13.78,,2.119,169342.79,100000,2,14.84
完整周期,2016-2020年完整市场周期,完整周期,2016-01-01,2020-12-31,60,等权重配置,0.25,0.25,0.25,0.25,63.44,10.34,-12.04,101.0,0.851,163438.11,100000,5,9.8
完整周期,2016-2020年完整市场周期,完整周期,2016-01-01,2020-12-31,60,偏债券配置,0.4,0.3,0.15,0.15,43.67,7.53,-9.7,158.0,0.629,143668.51,100000,5,8.79
完整周期,2016-2020年完整市场周期,完整周期,2016-01-01,2020-12-31,60,偏红利配置,0.2,0.4,0.2,0.2,55.23,9.21,-13.11,161.0,0.613,155232.54,100000,5,11.76
完整周期,2016-2020年完整市场周期,完整周期,2016-01-01,2020-12-31,60,偏纳斯达克配置,0.15,0.25,0.1,0.5,91.12,13.86,-18.82,120.0,0.812,191117.53,100000,5,14.6
完整周期,2016-2020年完整市场周期,完整周期,2016-01-01,2020-12-31,60,偏黄金配置,0.1,0.2,0.6,0.1,64.44,10.48,-11.03,52.0,0.882,164439.78,100000,5,9.61
完整周期,2016-2020年完整市场周期,完整周期,2016-01-01,2020-12-31,60,高债券配置,0.5,0.2,0.2,0.1,38.36,6.72,-6.57,37.0,0.751,138358.06,100000,5,6.29
完整周期,2016-2020年完整市场周期,完整周期,2016-01-01,2020-12-31,60,高股票配置,0.05,0.35,0.1,0.5,92.55,14.03,-20.03,112.0,0.739,192547.88,100000,5,16.28
完整周期,2016-2020年完整市场周期,完整周期,2016-01-01,2020-12-31,60,低黄金配置,0.3,0.35,0.05,0.3,58.56,9.68,-13.89,105.0,0.619,158559.38,100000,5,12.41
完整周期,2016-2020年完整市场周期,完整周期,2016-01-01,2020-12-31,60,均衡偏商品配置,0.2,0.3,0.3,0.2,60.45,9.94,-11.28,100.0,0.789,160448.25,100000,5,10.05
完整周期,2016-2020年完整市场周期,完整周期,2016-01-01,2020-12-31,60,保守股票配置,0.35,0.35,0.15,0.15,44.45,7.65,-11.25,165.0,0.574,144453.42,100000,5,9.84
完整周期,2016-2020年完整市场周期,完整周期,2016-01-01,2020-12-31,60,激进配置,0.1,0.45,0.05,0.4,74.35,11.78,-18.16,105.0,0.6,174351.87,100000,5,16.31
完整周期,2016-2020年完整市场周期,完整周期,2016-01-01,2020-12-31,60,超保守配置,0.6,0.15,0.15,0.1,34.32,6.09,-5.39,39.0,0.789,134323.34,100000,5,5.19
完整周期,2016-2020年完整市场周期,完整周期,2016-01-01,2020-12-31,60,纯红利配置(无国债),0.0,1.0,0.0,0.0,21.6,4.0,-31.9,,0.081,121604.93,100000,5,24.64
完整周期,2016-2020年完整市场周期,完整周期,2016-01-01,2020-12-31,60,纯黄金配置(无国债),0.0,0.0,1.0,0.0,72.09,11.49,-17.13,,0.715,172087.42,100000,5,13.28
完整周期,2016-2020年完整市场周期,完整周期,2016-01-01,2020-12-31,60,纯纳斯达克配置(无国债),0.0,0.0,0.0,1.0,170.63,22.08,-28.49,156.0,0.908,270627.21,100000,5,22.11
完整周期,2016-2020年完整市场周期,完整周期,2016-01-01,2020-12-31,60,红利+黄金均衡(无国债),0.0,0.5,0.5,0.0,48.57,8.26,-18.07,234.0,0.481,148571.8,100000,5,13.02
完整周期,2016-2020年完整市场周期,完整周期,2016-01-01,2020-12-31,60,红利+纳斯达克(无国债),0.0,0.5,0.0,0.5,86.34,13.28,-21.44,112.0,0.584,186343.12,100000,5,19.32
完整周期,2016-2020年完整市场周期,完整周期,2016-01-01,2020-12-31,60,黄金+纳斯达克(无国债),0.0,0.0,0.5,0.5,118.44,16.95,-18.02,98.0,1.185,218440.56,100000,5,12.62
完整周期,2016-2020年完整市场周期,完整周期,2016-01-01,2020-12-31,60,低红利均衡(无国债),0.0,0.4,0.3,0.3,76.79,12.09,-15.69,102.0,0.742,176790.82,100000,5,13.61
完整周期,2016-2020年完整市场周期,完整周期,2016-01-01,2020-12-31,60,低黄金均衡(无国债),0.0,0.3,0.4,0.3,82.69,12.83,-14.92,100.0,0.894,182690.31,100000,5,12.12
完整周期,2016-2020年完整市场周期,完整周期,2016-01-01,2020-12-31,60,低纳斯达克均衡(无国债),0.0,0.3,0.3,0.4,91.13,13.86,-17.45,105.0,0.873,191127.65,100000,5,13.58
完整周期,2016-2020年完整市场周期,完整周期,2016-01-01,2020-12-31,60,三资产均衡(无国债),0.0,0.33,0.33,0.34,84.25,13.03,-16.18,102.0,0.843,184247.69,100000,5,13.07
完整周期,2016-2020年完整市场周期,完整周期,2016-01-01,2020-12-31,60,红利主导(无国债),0.0,0.6,0.2,0.2,57.32,9.5,-19.92,91.0,0.462,157324.85,100000,5,16.25
完整周期,2016-2020年完整市场周期,完整周期,2016-01-01,2020-12-31,60,高红利配置(无国债),0.0,0.7,0.15,0.15,47.98,8.17,-22.92,364.0,0.343,147978.19,100000,5,18.0
完整周期,2016-2020年完整市场周期,完整周期,2016-01-01,2020-12-31,60,超高红利(无国债),0.0,0.8,0.1,0.1,38.9,6.81,-25.84,582.0,0.24,138903.68,100000,5,19.99
完整周期,2016-2020年完整市场周期,完整周期,2016-01-01,2020-12-31,60,黄金主导(无国债),0.0,0.2,0.6,0.2,79.82,12.48,-12.4,46.0,0.994,179821.17,100000,5,10.54
完整周期,2016-2020年完整市场周期,完整周期,2016-01-01,2020-12-31,60,高黄金配置(无国债),0.0,0.15,0.7,0.15,78.13,12.26,-12.43,52.0,0.976,178135.0,100000,5,10.52
完整周期,2016-2020年完整市场周期,完整周期,2016-01-01,2020-12-31,60,超高黄金(无国债),0.0,0.1,0.8,0.1,76.28,12.03,-12.59,,0.91,176280.18,100000,5,11.02
完整周期,2016-2020年完整市场周期,完整周期,2016-01-01,2020-12-31,60,纳斯达克主导(无国债),0.0,0.2,0.2,0.6,115.41,16.62,-21.38,120.0,0.919,215410.64,100000,5,15.91
完整周期,2016-2020年完整市场周期,完整周期,2016-01-01,2020-12-31,60,高纳斯达克配置(无国债),0.0,0.15,0.15,0.7,128.36,17.99,-23.18,137.0,0.922,228359.16,100000,5,17.34
完整周期,2016-2020年完整市场周期,完整周期,2016-01-01,2020-12-31,60,超高纳斯达克(无国债),0.0,0.1,0.1,0.8,141.87,19.36,-24.95,153.0,0.92,241867.09,100000,5,18.87
完整周期,2016-2020年完整市场周期,完整周期,2016-01-01,2020-12-31,60,激进成长(无国债),0.0,0.25,0.25,0.5,103.01,15.24,-19.48,108.0,0.905,203005.42,100000,5,14.64
完整周期,2016-2020年完整市场周期,完整周期,2016-01-01,2020-12-31,60,超级成长(无国债),0.0,0.2,0.2,0.6,115.41,16.62,-21.38,120.0,0.919,215410.64,100000,5,15.91
完整周期,2016-2020年完整市场周期,完整周期,2016-01-01,2020-12-31,60,极端成长(无国债),0.0,0.15,0.15,0.7,128.36,17.99,-23.18,137.0,0.922,228359.16,100000,5,17.34
疫情特殊期,2020-2021年疫情特殊期,特殊期,2020-01-01,2021-12-31,24,等权重配置,0.25,0.25,0.25,0.25,22.44,10.68,-12.02,101.0,0.744,122439.55,100000,2,11.67
疫情特殊期,2020-2021年疫情特殊期,特殊期,2020-01-01,2021-12-31,24,偏债券配置,0.4,0.3,0.15,0.15,16.63,8.01,-8.85,101.0,0.622,116632.05,100000,2,9.66
疫情特殊期,2020-2021年疫情特殊期,特殊期,2020-01-01,2021-12-31,24,偏红利配置,0.2,0.4,0.2,0.2,20.39,9.74,-12.03,102.0,0.595,120386.7,100000,2,13.02
疫情特殊期,2020-2021年疫情特殊期,特殊期,2020-01-01,2021-12-31,24,偏纳斯达克配置,0.15,0.25,0.1,0.5,37.15,17.15,-18.81,120.0,0.858,137146.76,100000,2,17.66
疫情特殊期,2020-2021年疫情特殊期,特殊期,2020-01-01,2021-12-31,24,偏黄金配置,0.1,0.2,0.6,0.1,14.33,6.94,-11.76,,0.421,114325.42,100000,2,11.74
疫情特殊期,2020-2021年疫情特殊期,特殊期,2020-01-01,2021-12-31,24,高债券配置,0.5,0.2,0.2,0.1,13.26,6.44,-6.55,37.0,0.625,113261.79,100000,2,7.1
疫情特殊期,2020-2021年疫情特殊期,特殊期,2020-01-01,2021-12-31,24,高股票配置,0.05,0.35,0.1,0.5,37.9,17.47,-20.03,112.0,0.807,137900.17,100000,2,19.17
疫情特殊期,2020-2021年疫情特殊期,特殊期,2020-01-01,2021-12-31,24,低黄金配置,0.3,0.35,0.05,0.3,25.47,12.04,-13.87,105.0,0.723,125468.11,100000,2,13.89
疫情特殊期,2020-2021年疫情特殊期,特殊期,2020-01-01,2021-12-31,24,均衡偏商品配置,0.2,0.3,0.3,0.2,20.01,9.57,-11.26,100.0,0.646,120007.96,100000,2,11.72
疫情特殊期,2020-2021年疫情特殊期,特殊期,2020-01-01,2021-12-31,24,保守股票配置,0.35,0.35,0.15,0.15,16.96,8.17,-9.69,102.0,0.578,116964.8,100000,2,10.68
疫情特殊期,2020-2021年疫情特殊期,特殊期,2020-01-01,2021-12-31,24,激进配置,0.1,0.45,0.05,0.4,32.25,15.03,-18.16,105.0,0.714,132253.68,100000,2,18.26
疫情特殊期,2020-2021年疫情特殊期,特殊期,2020-01-01,2021-12-31,24,超保守配置,0.6,0.15,0.15,0.1,12.77,6.21,-5.37,39.0,0.718,112772.23,100000,2,5.86
疫情特殊期,2020-2021年疫情特殊期,特殊期,2020-01-01,2021-12-31,24,纯红利配置(无国债),0.0,1.0,0.0,0.0,11.68,5.69,-22.43,,0.156,111683.43,100000,2,23.63
疫情特殊期,2020-2021年疫情特殊期,特殊期,2020-01-01,2021-12-31,24,纯黄金配置(无国债),0.0,0.0,1.0,0.0,7.96,3.91,-20.47,,0.12,107960.86,100000,2,15.94
疫情特殊期,2020-2021年疫情特殊期,特殊期,2020-01-01,2021-12-31,24,纯纳斯达克配置(无国债),0.0,0.0,0.0,1.0,67.49,29.49,-28.49,156.0,0.982,167488.76,100000,2,27.98
疫情特殊期,2020-2021年疫情特殊期,特殊期,2020-01-01,2021-12-31,24,红利+黄金均衡(无国债),0.0,0.5,0.5,0.0,10.52,5.14,-13.26,,0.215,110522.37,100000,2,14.64
疫情特殊期,2020-2021年疫情特殊期,特殊期,2020-01-01,2021-12-31,24,红利+纳斯达克(无国债),0.0,0.5,0.0,0.5,38.67,17.8,-21.46,112.0,0.73,138666.33,100000,2,21.64
疫情特殊期,2020-2021年疫情特殊期,特殊期,2020-01-01,2021-12-31,24,黄金+纳斯达克(无国债),0.0,0.0,0.5,0.5,36.12,16.71,-18.42,,0.88,136122.58,100000,2,16.71
疫情特殊期,2020-2021年疫情特殊期,特殊期,2020-01-01,2021-12-31,24,低红利均衡(无国债),0.0,0.4,0.3,0.3,26.63,12.56,-15.67,102.0,0.669,126634.34,100000,2,15.78
疫情特殊期,2020-2021年疫情特殊期,特殊期,2020-01-01,2021-12-31,24,低黄金均衡(无国债),0.0,0.3,0.4,0.3,26.18,12.36,-14.9,100.0,0.705,126179.17,100000,2,14.68
疫情特殊期,2020-2021年疫情特殊期,特殊期,2020-01-01,2021-12-31,24,低纳斯达克均衡(无国债),0.0,0.3,0.3,0.4,31.94,14.9,-17.44,105.0,0.784,131937.47,100000,2,16.45
疫情特殊期,2020-2021年疫情特殊期,特殊期,2020-01-01,2021-12-31,24,三资产均衡(无国债),0.0,0.33,0.33,0.34,28.61,13.44,-16.16,102.0,0.731,128609.53,100000,2,15.64
疫情特殊期,2020-2021年疫情特殊期,特殊期,2020-01-01,2021-12-31,24,红利主导(无国债),0.0,0.6,0.2,0.2,21.74,10.36,-15.88,105.0,0.483,121742.8,100000,2,17.32
疫情特殊期,2020-2021年疫情特殊期,特殊期,2020-01-01,2021-12-31,24,高红利配置(无国债),0.0,0.7,0.15,0.15,19.26,9.23,-17.44,105.0,0.39,119262.93,100000,2,18.54
疫情特殊期,2020-2021年疫情特殊期,特殊期,2020-01-01,2021-12-31,24,超高红利(无国债),0.0,0.8,0.1,0.1,16.76,8.07,-19.04,105.0,0.303,116759.75,100000,2,20.01
疫情特殊期,2020-2021年疫情特殊期,特殊期,2020-01-01,2021-12-31,24,黄金主导(无国债),0.0,0.2,0.6,0.2,20.04,9.58,-13.58,,0.577,120036.45,100000,2,13.14
疫情特殊期,2020-2021年疫情特殊期,特殊期,2020-01-01,2021-12-31,24,高黄金配置(无国债),0.0,0.15,0.7,0.15,16.99,8.18,-14.08,,0.471,116991.33,100000,2,13.12
疫情特殊期,2020-2021年疫情特殊期,特殊期,2020-01-01,2021-12-31,24,超高黄金(无国债),0.0,0.1,0.8,0.1,13.96,6.77,-15.97,,0.35,113963.7,100000,2,13.61
疫情特殊期,2020-2021年疫情特殊期,特殊期,2020-01-01,2021-12-31,24,纳斯达克主导(无国债),0.0,0.2,0.2,0.6,43.33,19.76,-21.37,120.0,0.895,143327.85,100000,2,19.86
疫情特殊期,2020-2021年疫情特殊期,特殊期,2020-01-01,2021-12-31,24,高纳斯达克配置(无国债),0.0,0.15,0.15,0.7,49.2,22.2,-23.17,137.0,0.926,149195.13,100000,2,21.8
疫情特殊期,2020-2021年疫情特殊期,特殊期,2020-01-01,2021-12-31,24,超高纳斯达克(无国债),0.0,0.1,0.1,0.8,55.18,24.63,-24.95,153.0,0.95,155177.67,100000,2,23.82
疫情特殊期,2020-2021年疫情特殊期,特殊期,2020-01-01,2021-12-31,24,激进成长(无国债),0.0,0.25,0.25,0.5,37.58,17.33,-19.46,108.0,0.849,137575.75,100000,2,18.05
疫情特殊期,2020-2021年疫情特殊期,特殊期,2020-01-01,2021-12-31,24,超级成长(无国债),0.0,0.2,0.2,0.6,43.33,19.76,-21.37,120.0,0.895,143327.85,100000,2,19.86
疫情特殊期,2020-2021年疫情特殊期,特殊期,2020-01-01,2021-12-31,24,极端成长(无国债),0.0,0.15,0.15,0.7,49.2,22.2,-23.17,137.0,0.926,149195.13,100000,2,21.8
